{
  "frames": {
    "3.png": {
      "frame": {
        "x": 0,
        "y": 0,
        "w": 50,
        "h": 50
      },
      "rotated": false,
      "trimmed": false,
      "spriteSourceSize": {
        "x": 0,
        "y": 0,
        "w": 50,
        "h": 50
      },
      "sourceSize": {
        "w": 50,
        "h": 50
      },
      "pivot": {
        "x": 0.5,
        "y": 0.5
      }
    },
    "5.png": {
      "frame": {
        "x": 0,
        "y": 50,
        "w": 50,
        "h": 48
      },
      "rotated": true,
      "trimmed": true,
      "spriteSourceSize": {
        "x": 0,
        "y": 2,
        "w": 50,
        "h": 48
      },
      "sourceSize": {
        "w": 50,
        "h": 50
      },
      "pivot": {
        "x": 0.5,
        "y": 0.5
      }
    },
    "4.png": {
      "frame": {
        "x": 0,
        "y": 100,
        "w": 43,
        "h": 44
      },
      "rotated": false,
      "trimmed": true,
      "spriteSourceSize": {
        "x": 4,
        "y": 4,
        "w": 43,
        "h": 44
      },
      "sourceSize": {
        "w": 50,
        "h": 50
      },
      "pivot": {
        "x": 0.5,
        "y": 0.5
      }
    },
    "1.png": {
      "frame": {
        "x": 0,
        "y": 144,
        "w": 40,
        "h": 40
      },
      "rotated": false,
      "trimmed": false,
      "spriteSourceSize": {
        "x": 0,
        "y": 0,
        "w": 40,
        "h": 40
      },
      "sourceSize": {
        "w": 40,
        "h": 40
      },
      "pivot": {
        "x": 0.5,
        "y": 0.5
      }
    },
    "2.png": {
      "frame": {
        "x": 0,
        "y": 184,
        "w": 40,
        "h": 40
      },
      "rotated": false,
      "trimmed": false,
      "spriteSourceSize": {
        "x": 0,
        "y": 0,
        "w": 40,
        "h": 40
      },
      "sourceSize": {
        "w": 40,
        "h": 40
      },
      "pivot": {
        "x": 0.5,
        "y": 0.5
      }
    }
  },
  "meta": {
    "app": "http://free-tex-packer.com",
    "version": "0.6.7",
    "image": "confetti.png",
    "format": "RGBA8888",
    "size": {
      "w": 50,
      "h": 224
    },
    "scale": 1
  }
}